Algorithm,Accuracy,Precision,Recall,F1 Score,ROC AUC
Logistic Regression,0.823,0.823,1.0,0.9029072956664839,0.5584845302084835
Decision Tree,0.816,0.822401614530777,0.9902794653705954,0.898566703417861,0.5207762698134838
Random Forest,0.823,0.823,1.0,0.9029072956664839,0.5165475626583191
